r;Interpretation;Kommunikation;Grundidee;Konsistenzprüfung;Fehlermanagement;Machine Learning;Entscheidung;Systemanalyse;Ontologie/Semantik;Meta-Interpretation;Meta-Kommunikation;Meta-Kohärenz;Reflexionsgrad;Adaptivität;Interferenzkontrolle;Meta-Systemzustand;R Kontinuumg Linguistik statt Sprache ist es die Sprachwissenschaft Linguistik, die semantisch also über Bedeutung über Ontologien zu verstehen ist.;
klar wahr;Zustimmung;Basiswahrheit;stabil;kein Fehler;sicheres Label;ausführen;stabiler Zustand;gültige Relation;selbstkonsistent;explizit wahrnehmbar;logisch kohärent;0;konstant;keine;stationär;Linguistik statt Sprache: Sprachwissenschaft, semantisch über Bedeutung über Ontologien;
klar falsch;Ablehnung;Negation;stabil;falscher Wert;fehlerhaftes Label;verwerfen;inkonsistent;ungültige Relation;selbstnegierend;Ablehnungs-Echo;logisch invertiert;0;konstant;keine;stationär;Wechselwirkung: semantisches ontologisches Tripel, analog Meta-Physik-Teilchen, Datenbank-Tri/pel-Store;
unbestimmt;Frage / Unsicherheit;Offenheit;unentschieden;fehlende Info;fehlende Daten;warten;neutral;unvollständige Entität;potenziell stabil;explorativ;epistemisch offen;1;dynamisch;gering;meta-neutral;Zeichen, Bezeichner, z.B. Namen, Symbole;
widersprüchlich;Konflikt;Ambivalenz;fehlerhaft;Widerspruch;doppelte Labels;Konfliktlösung;Deadlock;Mehrdeutigkeit;rekursiv oszillierend;paradox kommunizierend;logisch zweiseitig;2;oszillierend;stark;metastabil;Inhalt;
dinglich;Faktisch, konkret;Materialität;überprüfbar;Sensorfehler;reale Messung;verifizieren;Ressourcenzustand;physische Entität;empirisch validiert;physisch rückgekoppelt;messbar konsistent;1;adaptiv;gering;stabilisiert;Syntax: Komma, Punkt, Leerzeichen, Absatz, Anführungszeichen etc.;
stapelbar;kombinierbar;Weiterentwicklung;reproduzierbar;Versionsfehler;inkrementelles Lernen;optimieren;modulare Iteration;evolutionäres Konzept;rekursiv lernend;selbstverstärkend;meta-progressiv;2;hoch;mittel;evolutionär;Informations-Einheit: nicht nur Token, semantisch ontologisch;
ursprungsanalytisch;retrospektiv;Rückverfolgung;Basisvergleich;Log-Historie;Datentrace;Ursache bestimmen;Regressionsprüfung;Herkunftsstruktur;metahistorisch;rückwärtskonsistent;selbsterklärend;3;konstant;gering;rekonstruierend;Wort: semantisch ontologisch, mehr als Token;
systemisch-vernetzt;Metaebene;Integration;Gesamtkonsistenz;globale Konflikte;Meta-Layer;Gesamtentscheidung;Querschnittsanalyse;semantische Kohärenz;hypervernetzt;intersystemisch;meta-kohärent;4;adaptiv;gering;global stabil;Gestaltung: sachlich, poetisch, wissenschaftlich, formal/informell;
meta-wahr;Selbstbestätigung;Wahrheit zweiter Ordnung;reflexiv stabil;keine Meta-Fehler;Meta-Label stabil;automatisieren;selbstanalytisch;Meta-Relation gültig;auto-kohärent;metasprachlich;logisch geschlossen;5;hoch;minimal;überstabil;Sprach-Kosmos: Sprech-Sprache oder Programmiersprache;
0;meta-falsch;Meta-Negation;Verwerfungsstruktur;konsistent;Meta-Fehler erkannt;falsche Meta-Label;metaverwerfen;Meta-Inkonstanz;ungültige Meta-Relation;auto-negierend;selbstwidersprechend;meta-invertiert;5;hoch;gering;oszillierend;Token-Art: Unterscheidungseinheiten von Gestaltung, Gehirn-Kosmen, Wörtern, Syntax, Tripeln;
1;meta-unbestimmt;Meta-Unschärfe;epistemische Offenheit;instabil;Meta-Unklarheit;unsichere Meta-Daten;Metawarten;semineutral;Meta-Unvollständigkeit;semitransparent;metakommunikativ;epistemisch offen;6;adaptiv;hoch;diffundierend;Bedeutung: semantisch, wahrscheinlich ontologisch;
2;meta-widersprüchlich;Meta-Konflikt;dialektische Spannung;metastabil;Meta-Widerspruch;doppelte Meta-Label;Meta-Konfliktlösung;Meta-Deadlock;Meta-Mehrdeutigkeit;dialektisch;selbstoszillierend;logisch beidwertig;6;oszillierend;hoch;metastabil;Zusammenhang / Interkonnektion darstellend;
3;meta-dinglich;Meta-Faktisch;physisch verankerte Meta-Relation;überprüfbar;Meta-Messfehler;reale Meta-Messung;Meta-Verifikation;Ressourcentrace;physische Meta-Entität;empirisch verankert;sensorisch;mesologisch;7;gering;gering;stabilisiert;Wortgruppe: zwölf Wörter + dreizehn Deutungen, Satzstruktur;
4;meta-stapelbar;rekombinierbar;Meta-Entwicklung;reproduzierbar;Meta-Versionsfehler;iteratives Meta-Lernen;Meta-Optimierung;Meta-Iteration;evolutionäre Meta-Kohärenz;hyperprogressiv;rekursiv adaptiv;evolutionär offen;7;sehr hoch;mittel;meta-evolutionär;Deutung: zwölf Wörter + dreizehn Deutungen, Satzbezug;
5;meta-ursprünglich;archaisch-reflexiv;Ursprung zweiter Ordnung;rekursiv verankert;historische Meta-Schicht;Rückkopplungsdaten;Meta-Ursache;Ursprungsrekursion;Proto-Ontologie;archontisch;retroaktiv;meta-historisch;8;stabil;gering;rekursiv;Verbindung: Wörter wie „und“, „oder“, „obwohl“, „jedoch“;
6;meta-systemisch;allumfassend;integrative Ganzheit;global kohärent;Meta-Konflikt-Regelung;Meta-Layer-Fusion;Gesamt-Meta-Entscheidung;Ganzsystemanalyse;semantische Meta-Kohärenz;holistisch;integrativ;hyperkohärent;8;adaptiv;minimal;global-meta-stabil;Fließendes Reden: verkettend wie Reißverschluss, öffnend oder schließend;
7;meta-evolutionär;rekursiv-adaptiv;Entwicklungsfortschritt;stabilisiert;Meta-Versionskontrolle;Meta-Iteratives Lernen;Meta-Optimierung;Meta-Iteration;Meta-evolutionäre Kohärenz;progressiv;rekursiv adaptiv;evolutionär;9;sehr hoch;mittel;evolutionär-global;Sprachformulierung, Programmierformulierung, Entwicklungsformulierung, semantisch verstandene Mathematik;
8;meta-historisch;archaisch-retrospektiv;Historische Analyse;rekursiv stabil;Meta-Archivfehler;Meta-Datenspeicherung;Meta-Ursachenanalyse;Meta-Herkunftsprüfung;Meta-Proto-Ontologie;archivisch;retrograd;rekursiv kohärent;9;stabil;gering;historisch;Geschriebenes, Gesprochenes, fertig Formuliertes;
9;meta-semantisch;abstrakt-reflexiv;Ontologische Analyse;logisch konsistent;Meta-Kohärenztest;Meta-Labeling;Meta-Entscheidung;Meta-Strukturanalyse;Meta-Ontologie;reflexiv;semantisch kohärent;Meta-Kohärenz;10;hoch;gering;global-meta;Token-Art: Unterscheidungseinheiten von Gestaltungen, Gehirn-Kosmen, Wörtern, Syntaxen, Inhalten, Zeichen, Symbolen;
0;meta-syntaktisch;formal-strukturiert;Strukturprüfung;stabil;Syntaxfehler;ML-Parser;Optimierung;Strukturanalyse;Syntaktische Ontologie;präzise;strukturiert;logisch geschlossen;10;konstant;mittel;global-stabil;Gestaltung;
1;meta-kommunikativ;interaktiv;Kommunikationsfluss;adaptiv;Meta-Fehler;Meta-ML;Meta-Entscheidung;Meta-Systemanalyse;Meta-Semantik;explizit;interaktiv;kohärent;11;adaptiv;gering;global-meta;Sprach-Kosmos;
2;meta-ontologisch;reflexiv;Ontologieprüfung;global stabil;Meta-Inkonsistenz;Meta-ML;Meta-Entscheidung;Meta-Analyse;Ontologische Semantik;selbstkonsistent;meta-kommunikativ;logisch kohärent;12;hoch;gering;global-ontologisch;Bedeutung;
3;meta-reflexiv;global;System-Reflexion;überstabil;Meta-Konflikt;Meta-ML;Meta-Gesamtentscheidung;Systemanalyse;Ontologische Gesamtkohärenz;holistisch;integrativ;hyperkohärent;12;adaptiv;minimal;überstabil;Sprachentwicklung;
